<?xml version="1.0" encoding="utf-8"?>
<gmi:MI_Metadata xmlns="http://www.isotc211.org/2005/gmi" xmlns:gco="http://www.isotc211.org/2005/gco" xmlns:gmd="http://www.isotc211.org/2005/gmd" xmlns:gmi="http://www.isotc211.org/2005/gmi" xmlns:gml="http://www.opengis.net/gml/3.2" xmlns:gmx="http://www.isotc211.org/2005/gmx" xmlns:gsr="http://www.isotc211.org/2005/gsr" xmlns:gss="http://www.isotc211.org/2005/gss" xmlns:gts="http://www.isotc211.org/2005/gts" xmlns:xlink="http://www.w3.org/1999/xlink" xmlns:xsi="http://www.w3.org/2001/XMLSchema-instance" xsi:schemaLocation="http://www.isotc211.org/2005/gmi http://www.ngdc.noaa.gov/metadata/published/xsd/schema.xsd">
    <gmd:fileIdentifier>
        <gco:CharacterString>MORAclim_metadata.xml</gco:CharacterString>
    </gmd:fileIdentifier>
    <gmd:language>
        <gco:CharacterString>eng; USA</gco:CharacterString>
    </gmd:language>
    <gmd:characterSet>
        <gmd:MD_CharacterSetCode codeList="http://www.isotc211.org/2005/resources/Codelist/gmxCodelists.xml#MD_CharacterSetCode" codeListValue="utf8" codeSpace="004">utf8</gmd:MD_CharacterSetCode>
    </gmd:characterSet>
    <gmd:hierarchyLevel>
        <gmd:MD_ScopeCode codeList="http://www.isotc211.org/2005/resources/Codelist/gmxCodelists.xml#MD_ScopeCode" codeListValue="dataset" codeSpace="005">dataset</gmd:MD_ScopeCode>
    </gmd:hierarchyLevel>
    <gmd:contact>
        <gmd:CI_ResponsibleParty>
            <gmd:individualName>
                <gco:CharacterString>Janneke Hille Ris Lambers</gco:CharacterString>
            </gmd:individualName>
            <gmd:organisationName>
                <gco:CharacterString>University of Washington</gco:CharacterString>
            </gmd:organisationName>
            <gmd:positionName>
                <gco:CharacterString>Professor</gco:CharacterString>
            </gmd:positionName>
            <gmd:contactInfo>
                <gmd:CI_Contact>
                    <gmd:phone>
                        <gmd:CI_Telephone>
                            <gmd:voice>
                                <gco:CharacterString>206-543-7389</gco:CharacterString>
                            </gmd:voice>
                            <gmd:facsimile>
                                <gco:CharacterString />
                            </gmd:facsimile>
                        </gmd:CI_Telephone>
                    </gmd:phone>
                    <gmd:address>
                        <gmd:CI_Address>
                            <gmd:deliveryPoint>
                                <gco:CharacterString>
                                    <![CDATA[Department of Biology
University of Washington
Box 385100]]>
</gco:CharacterString>
                            </gmd:deliveryPoint>
                            <gmd:city>
                                <gco:CharacterString>Seattle</gco:CharacterString>
                            </gmd:city>
                            <gmd:administrativeArea>
                                <gco:CharacterString>WA</gco:CharacterString>
                            </gmd:administrativeArea>
                            <gmd:postalCode>
                                <gco:CharacterString>98195-1800</gco:CharacterString>
                            </gmd:postalCode>
                            <gmd:country>
                                <gco:CharacterString>USA</gco:CharacterString>
                            </gmd:country>
                            <gmd:electronicMailAddress>
                                <gco:CharacterString>jhrl@uw.edu</gco:CharacterString>
                            </gmd:electronicMailAddress>
                        </gmd:CI_Address>
                    </gmd:address>
                </gmd:CI_Contact>
            </gmd:contactInfo>
            <gmd:role>
                <gmd:CI_RoleCode codeList="http://www.isotc211.org/2005/resources/Codelist/gmxCodelists.xml#CI_RoleCode" codeListValue="principalInvestigator" codeSpace="008">principalInvestigator</gmd:CI_RoleCode>
            </gmd:role>
        </gmd:CI_ResponsibleParty>
    </gmd:contact>
    <gmd:dateStamp>
        <gco:DateTime>2016-06-07T00:15:54+00:00</gco:DateTime>
    </gmd:dateStamp>
    <gmd:metadataStandardName>
        <gco:CharacterString>ISO 19115-2 Geographic Information - Metadata - Part 2: Extensions for Imagery and Gridded Data</gco:CharacterString>
    </gmd:metadataStandardName>
    <gmd:metadataStandardVersion>
        <gco:CharacterString>ISO 19115-2:2009(E)</gco:CharacterString>
    </gmd:metadataStandardVersion>
    <gmd:identificationInfo>
        <gmd:MD_DataIdentification>
            <gmd:citation>
                <gmd:CI_Citation>
                    <gmd:title>
                        <gco:CharacterString>MORAclim geostatistical estimates of daily microclimate for Mt. Rainier National Park</gco:CharacterString>
                    </gmd:title>
                    <gmd:alternateTitle>
                        <gco:CharacterString>MORAclim</gco:CharacterString>
                    </gmd:alternateTitle>
                    <gmd:date>
                        <gmd:CI_Date>
                            <gmd:date>
                                <gco:Date>2016-06-09</gco:Date>
                            </gmd:date>
                            <gmd:dateType>
                                <gmd:CI_DateTypeCode codeList="http://www.isotc211.org/2005/resources/Codelist/gmxCodelists.xml#CI_DateTypeCode" codeListValue="creation" codeSpace="001">creation</gmd:CI_DateTypeCode>
                            </gmd:dateType>
                        </gmd:CI_Date>
                    </gmd:date>
                </gmd:CI_Citation>
            </gmd:citation>
            <gmd:abstract>
                <gco:CharacterString>This dataset provides geostatistical estimates of daily air temperature microclimates in Mt. Rainier National Park from September 1st 2010 through August 30th, 2015. The raster datasets were developed from point observations of air temperature from a network of 127 micoclimate monitoring stations, measurements from 11 traditional weather stations distributed around Mt. Rainier, and high-resolution topographic and vegetation structure information derived from LiDAR. Methods include local-regional robust regression, generalized additive models, and Bayesian regression-kriging. This dataset represents statistical summaries of that daily data broken into 4 seasons (DJF,MAM,JJA,SON), and represents three climate variables, average daily air temperature (tavg), minimum daily air temperature (tmin), and maximum daily air temperature (tmax). Each individual file contains six raster bands corresponding to the mean, 5%-, 25%-, 75%-,and 95%-quantiles, and standard deviation of estimates for all days in that season in the period of the dataset. Time-series of daily estimates can be obtained from the USGS CIDA data portal (http://cida.usgs.gov/gdp/).<gco:CharacterString>
            </gmd:abstract>
            <gmd:purpose>
                <gco:CharacterString>The purpose of this information is to provide a publicly available, high-resolution dataset to refine understanding of species distributions and their vulnerability to climate change.</gco:CharacterString>
            </gmd:purpose>
            <gmd:status>
                <gmd:MD_ProgressCode codeList="http://www.isotc211.org/2005/resources/Codelist/gmxCodelists.xml#MD_ProgressCode" codeListValue="completed" codeSpace="001">completed</gmd:MD_ProgressCode>
            </gmd:status>
            <gmd:pointOfContact>
                <gmd:CI_ResponsibleParty>
                    <gmd:individualName>
                        <gco:CharacterString>Ian Breckheimer</gco:CharacterString>
                    </gmd:individualName>
                    <gmd:organisationName>
                        <gco:CharacterString>University of Washington</gco:CharacterString>
                    </gmd:organisationName>
                    <gmd:positionName>
                        <gco:CharacterString>PhD Candidate</gco:CharacterString>
                    </gmd:positionName>
                    <gmd:contactInfo>
                        <gmd:CI_Contact>
                            <gmd:phone>
                                <gmd:CI_Telephone>
                                    <gmd:voice>
                                        <gco:CharacterString>828-674-7656</gco:CharacterString>
                                    </gmd:voice>
                                    <gmd:facsimile>
                                        <gco:CharacterString />
                                    </gmd:facsimile>
                                </gmd:CI_Telephone>
                            </gmd:phone>
                            <gmd:address>
                                <gmd:CI_Address>
                                    <gmd:deliveryPoint>
                                        <gco:CharacterString>
                                            <![CDATA[Box 351800]]>
</gco:CharacterString>
                                    </gmd:deliveryPoint>
                                    <gmd:city>
                                        <gco:CharacterString>Seattle</gco:CharacterString>
                                    </gmd:city>
                                    <gmd:administrativeArea>
                                        <gco:CharacterString>WA</gco:CharacterString>
                                    </gmd:administrativeArea>
                                    <gmd:postalCode>
                                        <gco:CharacterString>98195-1800</gco:CharacterString>
                                    </gmd:postalCode>
                                    <gmd:country>
                                        <gco:CharacterString>USA</gco:CharacterString>
                                    </gmd:country>
                                    <gmd:electronicMailAddress>
                                        <gco:CharacterString>ibreckhe@uw.edu</gco:CharacterString>
                                    </gmd:electronicMailAddress>
                                </gmd:CI_Address>
                            </gmd:address>
                        </gmd:CI_Contact>
                    </gmd:contactInfo>
                    <gmd:role>
                        <gmd:CI_RoleCode codeList="http://www.isotc211.org/2005/resources/Codelist/gmxCodelists.xml#CI_RoleCode" codeListValue="author" codeSpace="011">author</gmd:CI_RoleCode>
                    </gmd:role>
                </gmd:CI_ResponsibleParty>
            </gmd:pointOfContact>
            <gmd:descriptiveKeywords>
                <gmd:MD_Keywords>
                    <gmd:keyword>
                        <gco:CharacterString>Microclimate</gco:CharacterString>
                    </gmd:keyword>
                    <gmd:keyword>
                        <gco:CharacterString>Air Temperature</gco:CharacterString>
                    </gmd:keyword>
                    <gmd:type>
                        <gmd:MD_KeywordTypeCode codeList="http://www.isotc211.org/2005/resources/Codelist/gmxCodelists.xml#MD_KeywordTypeCode" codeListValue="theme" codeSpace="005">theme</gmd:MD_KeywordTypeCode>
                    </gmd:type>
                </gmd:MD_Keywords>
            </gmd:descriptiveKeywords>
            <gmd:descriptiveKeywords>
                <gmd:MD_Keywords>
                    <gmd:keyword>
                        <gco:CharacterString>Mount Rainier</gco:CharacterString>
                    </gmd:keyword>
                    <gmd:keyword>
                        <gco:CharacterString>Mount Rainier National Park</gco:CharacterString>
                    </gmd:keyword>
                    <gmd:keyword>
                        <gco:CharacterString>Pacific Northwest</gco:CharacterString>
                    </gmd:keyword>
                    <gmd:keyword>
                        <gco:CharacterString>Washington</gco:CharacterString>
                    </gmd:keyword>
                    <gmd:type>
                        <gmd:MD_KeywordTypeCode codeList="http://www.isotc211.org/2005/resources/Codelist/gmxCodelists.xml#MD_KeywordTypeCode" codeListValue="place" codeSpace="002">place</gmd:MD_KeywordTypeCode>
                    </gmd:type>
                </gmd:MD_Keywords>
            </gmd:descriptiveKeywords>
            <gmd:language>
                <gco:CharacterString>eng;USA</gco:CharacterString>
            </gmd:language>
            <gmd:topicCategory>
                <gmd:MD_TopicCategoryCode>climatologyMeteorologyAtmosphere</gmd:MD_TopicCategoryCode>
            </gmd:topicCategory>
            <gmd:extent>
                <gmd:EX_Extent id="boundingExtent">
                    <gmd:geographicElement>
                        <gmd:EX_BoundingPolygon>
                            <gmd:polygon>
                                <gml:Polygon srsName="urn:ogc:def:crs:EPSG::4326" gml:id="Polygon1">
                                    <gml:exterior>
                                        <gml:LinearRing>
                                            <gml:posList srsDimension="2">46.70389 -121.93534 47.00507 -121.93534 47.00507 -121.43594 46.70389 -121.43594 46.70389 -121.93534</gml:posList>
                                        </gml:LinearRing>
                                    </gml:exterior>
                                </gml:Polygon>
                            </gmd:polygon>
                        </gmd:EX_BoundingPolygon>
                    </gmd:geographicElement>
                    <gmd:temporalElement>
                        <gmd:EX_TemporalExtent>
                            <gmd:extent>
                                <gml:TimePeriod gml:id="boundingTemporalExtent">
                                    <gml:description>modeled period</gml:description>
                                    <gml:beginPosition>2009-09-01</gml:beginPosition>
                                    <gml:endPosition>2015-08-30</gml:endPosition>
                                </gml:TimePeriod>
                            </gmd:extent>
                        </gmd:EX_TemporalExtent>
                    </gmd:temporalElement>
                </gmd:EX_Extent>
            </gmd:extent>
            <gmd:supplementalInformation>
                <gco:CharacterString>All units are air temperatures measured in degrees Celcius| Hourly site measurements were quality controlled to remove (1)values outside of the reasonable physical range, (2) anomalous spikes where the rate of temperature change is greater than 4C/hr, and (3) months where the correlation with regional time-series was less than 0.7. Spline interpolation was used to fill gaps less than 4hrs long, and daily summary statistics were calculated for days with complete hourly measurements.Station locations were recorded with GPS, and visually checked against high-resolution orthophotos to verify their locations.
 Time-series of cleaned daily temperature statistics for each station were compared to regional estimates of daily temperature derived from the Parameter Regression of Independent Slopes (PRISM) dataset, http://www.prism.oregonstate.edu/. Regional estimates were averaged from the 4km-resolution daily PRISM data in a 50km-radius buffer around Mt. Rainier National Park. For each time-series, measurements were subset by season, and centered by subtracting the mean of the PRISM observations. For each station and season, robust linear regression was used to estimate the offset from PRISM regional conditions (y-intercept), and the sensitivity of local conditions to regional variation in temperature (slope), for each site. Regression models were fit in R using the functions "lm", and "boot".
 Site-season combinations with bootstrap confidence intervals for the offset of less than 0.8C were selected for spatial prediction. The offset and sensitivity were independently modeled as a function of topographic and vegetation structure covariates. A Generalized Additive Model was used for each season and temperature variable (Tmin, Tmax, Tavg) with the general form temp~intercept+s(elevation,cold-air index)+s(canopy volume) + solar radiation. The cold-air index represented the 1st principal component of sites relative elevation measured in 237,729,and 2187m radii around each cell. Canopy volume represented the volume of forest canopy within an 81m radius of each point. Potential solar radiation was estimated for each season using the GRASS GIS routine r.sun. The fit models were used to develop estimates of the offset and sensitivity for each 90m-resolution grid cell in Mt. Rainier National Park. These seasonal maps were then linearly interpolated to represent mean expected conditions for each day of the year. Generalized additive models were fit in R using the package "mgcv".
 Daily deviations from expected conditions were then interpolated using Bayesian Kriging, with elevation,UTM X- and Y-coordinates, and the 2-way interaction between elevation and X- and Y-coordinates used for the mean trend. An exponential spatial correlation structure was used for each day. All predictors were centered to a mean of zero and standard deviation of one before fitting with MCMC to speed convergence and avoid numerical problems. Daily maps of temperature anomalies were combined with estimates of the mean trend for each day to yield estimates of expected temperatures and spatial uncertainty for each day. |Microclimate sensors were Onset HOBO pendant loggers supplemented with iButton loggers at some sites.|Measurements were collected either hourly or bi-hourly at odd hours (e.g. 1:00pm and 3:00pm).|Analysis of records from 20 stations held out for testing indicate that seasonal summary statistics have an average absolute error of approximately 0.6C, and daily estimates have an error of approximately 1.2C.|</gco:CharacterString>
            </gmd:supplementalInformation>
        </gmd:MD_DataIdentification>
    </gmd:identificationInfo>
    <gmd:distributionInfo>
        <gmd:MD_Distribution>
            <gmd:distributor>
                <gmd:MD_Distributor>
                    <gmd:distributorContact>
                        <gmd:CI_ResponsibleParty>
                            <gmd:organisationName>
                                <gco:CharacterString>United States Geological Survey</gco:CharacterString>
                            </gmd:organisationName>
                            <gmd:contactInfo>
                                <gmd:CI_Contact>
                                    <gmd:phone>
                                        <gmd:CI_Telephone>
                                            <gmd:voice>
                                                <gco:CharacterString>608-821-3899</gco:CharacterString>
                                            </gmd:voice>
                                            <gmd:facsimile>
                                                <gco:CharacterString />
                                            </gmd:facsimile>
                                        </gmd:CI_Telephone>
                                    </gmd:phone>
                                    <gmd:address>
                                        <gmd:CI_Address>
                                            <gmd:deliveryPoint>
                                                <gco:CharacterString>
                                                    <![CDATA[8505 Research Way]]>
</gco:CharacterString>
                                            </gmd:deliveryPoint>
                                            <gmd:city>
                                                <gco:CharacterString>Middleton</gco:CharacterString>
                                            </gmd:city>
                                            <gmd:administrativeArea>
                                                <gco:CharacterString>WI</gco:CharacterString>
                                            </gmd:administrativeArea>
                                            <gmd:postalCode>
                                                <gco:CharacterString>43562</gco:CharacterString>
                                            </gmd:postalCode>
                                            <gmd:country>
                                                <gco:CharacterString>USA</gco:CharacterString>
                                            </gmd:country>
                                            <gmd:electronicMailAddress>
                                                <gco:CharacterString>dblodgett@usgs.gov</gco:CharacterString>
                                            </gmd:electronicMailAddress>
                                        </gmd:CI_Address>
                                    </gmd:address>
                                    <gmd:onlineResource>
                                        <gmd:CI_OnlineResource>
                                            <gmd:linkage>
                                                <gmd:URL>http://cida.usgs.gov/gdp/</gmd:URL>
                                            </gmd:linkage>
                                            <gmd:protocol>
                                                <gco:CharacterString>http</gco:CharacterString>
                                            </gmd:protocol>
                                        </gmd:CI_OnlineResource>
                                    </gmd:onlineResource>
                                </gmd:CI_Contact>
                            </gmd:contactInfo>
                            <gmd:role>
                                <gmd:CI_RoleCode codeList="http://www.isotc211.org/2005/resources/Codelist/gmxCodelists.xml#CI_RoleCode" codeListValue="distributor" codeSpace="005">distributor</gmd:CI_RoleCode>
                            </gmd:role>
                        </gmd:CI_ResponsibleParty>
                    </gmd:distributorContact>
                    <gmd:distributorFormat>
                        <gmd:MD_Format>
                            <gmd:name>
                                <gco:CharacterString>GeoTIFF</gco:CharacterString>
                            </gmd:name>
                            <gmd:version gco:nilReason="inapplicable" />
                            <gmd:fileDecompressionTechnique>
                                <gco:CharacterString>ZIP</gco:CharacterString>
                            </gmd:fileDecompressionTechnique>
                        </gmd:MD_Format>
                    </gmd:distributorFormat>
                    <gmd:distributorTransferOptions>
                        <gmd:MD_DigitalTransferOptions>
                            <gmd:transferSize>
                                <gco:Real>93.2</gco:Real>
                            </gmd:transferSize>
                            <gmd:onLine>
                                <gmd:CI_OnlineResource>
                                    <gmd:linkage>
                                        <gmd:URL>https://ibreckhe.github.io/images/MORAclim_all_v1.zip</gmd:URL>
                                    </gmd:linkage>
                                    <gmd:protocol>
                                        <gco:CharacterString>https</gco:CharacterString>
                                    </gmd:protocol>
                                </gmd:CI_OnlineResource>
                            </gmd:onLine>
                        </gmd:MD_DigitalTransferOptions>
                    </gmd:distributorTransferOptions>
                </gmd:MD_Distributor>
            </gmd:distributor>
        </gmd:MD_Distribution>
    </gmd:distributionInfo>
    <gmd:metadataMaintenance>
        <gmd:MD_MaintenanceInformation>
            <gmd:maintenanceAndUpdateFrequency gco:nilReason="unknown" />
            <gmd:maintenanceNote>
                <gco:CharacterString>This ISO metadata record was created using the 'Check and Save to File' (with form validation) function of the GRIIDC ISO 19115-2 Metadata Editor on 2016-06-07T00:26:52+00:00</gco:CharacterString>
            </gmd:maintenanceNote>
        </gmd:MD_MaintenanceInformation>
    </gmd:metadataMaintenance>
</gmi:MI_Metadata>